text_id,web_filepath,local_raw_filepath,local_txt_filepath,detected_language,year
1,https://www.imf.org/external/pubs/ft/ar/2022/downloads/imf-annual-report-2022-english.pdf,data/raw_files/1.pdf,data/txt_files/1.txt,en,2022
2,https://www.imf.org/external/pubs/ft/ar/2021/eng/downloads/imf-annual-report-2021.pdf,data/raw_files/2.pdf,data/txt_files/2.txt,en,2021
3,https://www.imf.org/external/pubs/ft/ar/2020/eng/downloads/imf-annual-report-2020.pdf,data/raw_files/3.pdf,data/txt_files/3.txt,en,2020
4,https://www.imf.org/external/pubs/ft/ar/2019/eng/assets/pdf/imf-annual-report-2019.pdf,data/raw_files/4.pdf,data/txt_files/4.txt,en,2019
5,https://www.imf.org/external/pubs/ft/ar/2018/eng/assets/pdf/imf-annual-report-2018.pdf,data/raw_files/5.pdf,data/txt_files/5.txt,en,2018
